0,2017-07-03,2564.06006,964112000
1,2017-07-04,2601.63989,985516032
2,2017-07-05,2601.98999,941566016
3,2017-07-06,2608.56006,761956992
4,2017-07-07,2518.65991,917411968
5,2017-07-08,2571.34009,733329984
6,2017-07-09,2518.43994,527856000
7,2017-07-10,2372.56006,1111200000
8,2017-07-11,2337.79004,1329760000
9,2017-07-12,2398.84009,1117410048
10,2017-07-13,2357.8999,835769984
11,2017-07-14,2233.34009,882502976
12,2017-07-15,1998.85999,993608000
13,2017-07-16,1929.81995,1182870016
14,2017-07-17,2228.40991,1201760000
15,2017-07-18,2318.87988,1512450048
16,2017-07-19,2273.42993,1245100032
17,2017-07-20,2817.6001,2249260032
18,2017-07-21,2667.76001,1489449984
19,2017-07-22,2810.12012,1177129984
20,2017-07-23,2730.3999,1072840000
21,2017-07-24,2754.86011,866473984
22,2017-07-25,2576.47998,1460089984
23,2017-07-26,2529.44995,937404032
24,2017-07-27,2671.78003,789104000
25,2017-07-28,2809.01001,1380099968
26,2017-07-29,2726.44995,803745984
27,2017-07-30,2757.17993,705942976
28,2017-07-31,2875.34009,860574976
29,2017-08-01,2718.26001,1324669952
30,2017-08-02,2710.66992,1094950016
31,2017-08-03,2804.72998,804796992
32,2017-08-04,2895.88989,1002120000
33,2017-08-05,3252.90991,1945699968
34,2017-08-06,3213.93994,1105030016
35,2017-08-07,3378.93994,1482279936
36,2017-08-08,3419.93994,1752760064
37,2017-08-09,3342.46997,1468960000
38,2017-08-10,3381.28003,1515110016
39,2017-08-11,3650.62012,2021190016
40,2017-08-12,3884.70996,2219589888
41,2017-08-13,4073.26001,3159089920
42,2017-08-14,4325.12988,2463089920
43,2017-08-15,4181.93018,3258050048
44,2017-08-16,4376.62988,2272039936
45,2017-08-17,4331.68994,2553359872
46,2017-08-18,4160.62012,2941710080
47,2017-08-19,4193.7002,2975820032
48,2017-08-20,4087.65991,2109769984
49,2017-08-21,4001.73999,2800890112
50,2017-08-22,4100.52002,3764239872
51,2017-08-23,4151.52002,2369819904
52,2017-08-24,4334.68018,2037750016
53,2017-08-25,4371.6001,1727970048
54,2017-08-26,4352.3999,1511609984
55,2017-08-27,4382.87988,1537459968
56,2017-08-28,4382.66016,1959330048
57,2017-08-29,4579.02002,2486080000
58,2017-08-30,4565.29981,1937849984
59,2017-08-31,4703.39014,1944930048
60,2017-09-01,4892.00977,2599079936
61,2017-09-02,4578.77002,2722139904
62,2017-09-03,4582.95996,1933190016
63,2017-09-04,4236.31006,2987330048
64,2017-09-05,4376.52979,2697969920
65,2017-09-06,4597.12012,2172100096
66,2017-09-07,4599.87988,1844620032
67,2017-09-08,4228.75,2700890112
68,2017-09-09,4226.06006,1386230016
69,2017-09-10,4122.93994,1679090048
70,2017-09-11,4161.27002,1557330048
71,2017-09-12,4130.81006,1864530048
72,2017-09-13,3882.59009,2219409920
73,2017-09-14,3154.94995,2716310016
74,2017-09-15,3637.52002,4148069888
75,2017-09-16,3625.04004,1818400000
76,2017-09-17,3582.87988,1239149952
77,2017-09-18,4065.19995,1943209984
78,2017-09-19,3924.96997,1563980032
79,2017-09-20,3905.94995,1213830016
80,2017-09-21,3631.04004,1411480064
81,2017-09-22,3630.69995,1194829952
82,2017-09-23,3792.3999,928113984
83,2017-09-24,3682.84009,768014976
84,2017-09-25,3926.07007,1374210048
85,2017-09-26,3892.3501,1043740032
86,2017-09-27,4200.66992,1686880000
87,2017-09-28,4174.72998,1712320000
88,2017-09-29,4163.06982,1367049984
89,2017-09-30,4338.70996,1207449984
90,2017-10-01,4403.74023,1208210048
91,2017-10-02,4409.31982,1431730048
92,2017-10-03,4317.47998,1288019968
93,2017-10-04,4229.35986,1116770048
94,2017-10-05,4328.41016,1161769984
95,2017-10-06,4370.81006,1069939968
96,2017-10-07,4426.89014,906928000
97,2017-10-08,4610.47998,1313869952
98,2017-10-09,4772.02002,1968739968
99,2017-10-10,4781.99023,1597139968
100,2017-10-11,4826.47998,1222279936
101,2017-10-12,5446.91016,2791610112
102,2017-10-13,5647.20996,3615480064
103,2017-10-14,5831.79004,1669030016
104,2017-10-15,5678.18994,1976039936
105,2017-10-16,5725.58984,2008070016
106,2017-10-17,5605.50977,1821570048
107,2017-10-18,5590.68994,2399269888
108,2017-10-19,5708.52002,1780540032
109,2017-10-20,6011.4502,2354429952
110,2017-10-21,6031.6001,2207099904
111,2017-10-22,6008.41992,2034630016
112,2017-10-23,5930.31982,2401840128
113,2017-10-24,5526.64014,2735699968
114,2017-10-25,5750.79981,1966989952
115,2017-10-26,5904.83008,1905040000
116,2017-10-27,5780.8999,1710130048
117,2017-10-28,5753.08984,1403920000
118,2017-10-29,6153.8501,2859040000
119,2017-10-30,6130.52979,1772150016
120,2017-10-31,6468.3999,2311379968
121,2017-11-01,6767.31006,2870320128
122,2017-11-02,7078.5,4653770240
123,2017-11-03,7207.75977,3369860096
124,2017-11-04,7379.9502,2483800064
125,2017-11-05,7407.41016,2380410112
126,2017-11-06,7022.75977,3111899904
127,2017-11-07,7144.37988,2326340096
128,2017-11-08,7459.68994,4602200064
129,2017-11-09,7143.58008,3226249984
130,2017-11-10,6618.14014,5208249856
131,2017-11-11,6357.6001,4908680192
132,2017-11-12,5950.06982,8957349888
133,2017-11-13,6559.49023,6263249920
134,2017-11-14,6635.75,3197110016
135,2017-11-15,7315.54004,4200880128
136,2017-11-16,7871.68994,5123809792
137,2017-11-17,7708.99023,4651670016
138,2017-11-18,7790.1499,3667190016
139,2017-11-19,8036.49023,3149319936
140,2017-11-20,8200.63965,3488450048
141,2017-11-21,8071.25977,4277609984
142,2017-11-22,8253.54981,3633530112
143,2017-11-23,8038.77002,4225179904
144,2017-11-24,8253.69043,5058610176
145,2017-11-25,8790.91992,4342060032
146,2017-11-26,9330.54981,5475579904
147,2017-11-27,9818.34961,5653320192
148,2017-11-28,10058.79981,6348819968
149,2017-11-29,9888.61035,11568799744
150,2017-11-30,10233.59961,8310689792
151,2017-12-01,10975.59961,6783119872
152,2017-12-02,11074.59961,5138500096
153,2017-12-03,11323.2002,6608309760
154,2017-12-04,11657.2002,6132409856
155,2017-12-05,11916.7002,6895260160
156,2017-12-06,14291.5,12656300032
157,2017-12-07,17899.69922,17950699520
158,2017-12-08,16569.40039,21135998976
159,2017-12-09,15178.2002,13911300096
160,2017-12-10,15455.40039,13433299968
161,2017-12-11,16936.80078,12153900032
162,2017-12-12,17415.40039,14603799552
163,2017-12-13,16408.19922,12976900096
164,2017-12-14,16564.0,13777399808
165,2017-12-15,17706.90039,14309999616
166,2017-12-16,19497.40039,12740599808
167,2017-12-17,19140.80078,13314599936
168,2017-12-18,19114.19922,14839499776
169,2017-12-19,17776.69922,16894499840
170,2017-12-20,16624.59961,22149699584
171,2017-12-21,15802.90039,16516599808
172,2017-12-22,13831.79981,22197999616
173,2017-12-23,14699.2002,13086000128
174,2017-12-24,13925.79981,11572299776
175,2017-12-25,14026.59961,10664699904
176,2017-12-26,16099.79981,13454300160
177,2017-12-27,15838.5,12487600128
178,2017-12-28,14606.5,12336499712
179,2017-12-29,14656.2002,13025500160
180,2017-12-30,12952.2002,14452599808
181,2017-12-31,14156.40039,12136299520
182,2018-01-01,13657.2002,10291200000
183,2018-01-02,14982.09961,16846600192
184,2018-01-03,15201.0,16871900160
185,2018-01-04,15599.2002,21783199744
186,2018-01-05,17429.5,23840899072
187,2018-01-06,17527.0,18314600448
188,2018-01-07,16477.59961,15866000384
189,2018-01-08,15170.09961,18413899776
190,2018-01-09,14595.40039,16659999744
191,2018-01-10,14973.29981,18500800512
192,2018-01-11,13405.79981,16534099968
193,2018-01-12,13980.59961,12065699840
194,2018-01-13,14360.2002,12763599872
195,2018-01-14,13772.0,11084099584
196,2018-01-15,13819.79981,12750799872
197,2018-01-16,11490.5,18853799936
198,2018-01-17,11188.59961,18830600192
199,2018-01-18,11474.90039,15020399616
200,2018-01-19,11607.40039,10740400128
201,2018-01-20,12899.2002,11801700352
202,2018-01-21,11600.09961,9935179776
203,2018-01-22,10931.40039,10537400320
204,2018-01-23,10868.40039,9660609536
205,2018-01-24,11359.40039,9940989952
206,2018-01-25,11259.40039,8873169920
207,2018-01-26,11171.40039,9746199552
208,2018-01-27,11440.7002,7583269888
209,2018-01-28,11786.29981,8350360064
210,2018-01-29,11296.40039,7107359744
211,2018-01-30,10106.29981,8637859840
212,2018-01-31,10221.09961,8041160192
213,2018-02-01,9170.54004,9959400448
214,2018-02-02,8830.75,12726899712
215,2018-02-03,9174.91016,7263790080
216,2018-02-04,8277.00977,7073549824
217,2018-02-05,6955.27002,9285289984
218,2018-02-06,7754.0,13999800320
219,2018-02-07,7621.29981,9169280000
220,2018-02-08,8265.58984,9346750464
221,2018-02-09,8736.98047,6784820224
222,2018-02-10,8621.90039,7780960256
223,2018-02-11,8129.97022,6122189824
224,2018-02-12,8926.57031,6256439808
225,2018-02-13,8598.30957,5696719872
226,2018-02-14,9494.62988,7909819904
227,2018-02-15,10166.40039,9062540288
228,2018-02-16,10233.90039,7296159744
229,2018-02-17,11112.7002,8660880384
230,2018-02-18,10551.79981,8744009728
231,2018-02-19,11225.29981,7652089856
232,2018-02-20,11403.7002,9926540288
233,2018-02-21,10690.40039,9405339648
234,2018-02-22,10005.0,8040079872
235,2018-02-23,10301.09961,7739500032
236,2018-02-24,9813.07031,6917929984
237,2018-02-25,9664.73047,5706939904
238,2018-02-26,10366.7002,7287690240
239,2018-02-27,10725.59961,6966179840
240,2018-02-28,10397.90039,6936189952
241,2018-03-01,10951.0,7317279744
242,2018-03-02,11086.40039,7620590080
243,2018-03-03,11489.7002,6690570240
244,2018-03-04,11512.59961,6084149760
245,2018-03-05,11573.29981,6468539904
246,2018-03-06,10779.90039,6832169984
247,2018-03-07,9965.57031,8797910016
248,2018-03-08,9395.00977,7186089984
249,2018-03-09,9337.54981,8704190464
250,2018-03-10,8866.0,5386319872
251,2018-03-11,9578.62988,6296370176
252,2018-03-12,9205.12012,6457399808
253,2018-03-13,9194.84961,5991139840
254,2018-03-14,8269.80957,6438230016
255,2018-03-15,8300.86035,6834429952
256,2018-03-16,8338.34961,5289379840
257,2018-03-17,7916.87988,4426149888
258,2018-03-18,8223.67969,6639190016
259,2018-03-19,8630.65039,6729110016
260,2018-03-20,8913.46973,6361789952
261,2018-03-21,8929.28027,6043129856
262,2018-03-22,8728.46973,5530390016
263,2018-03-23,8879.62012,5954120192
264,2018-03-24,8668.12012,5664600064
265,2018-03-25,8495.78027,4569880064
266,2018-03-26,8209.40039,5921039872
267,2018-03-27,7833.04004,5378250240
268,2018-03-28,7954.47998,4935289856
269,2018-03-29,7165.7002,6361229824
270,2018-03-30,6890.52002,6289509888
271,2018-03-31,6973.52979,4553269760
272,2018-04-01,6844.22998,4532100096
273,2018-04-02,7083.79981,4333440000
274,2018-04-03,7456.10986,5499700224
275,2018-04-04,6853.83984,4936000000
276,2018-04-05,6811.47022,5639320064
277,2018-04-06,6636.31982,3766810112
278,2018-04-07,6911.08984,3976610048
279,2018-04-08,7023.52002,3652499968
280,2018-04-09,6770.72998,4894060032
281,2018-04-10,6834.75977,4272750080
282,2018-04-11,6968.31982,4641889792
283,2018-04-12,7889.25,8906250240
284,2018-04-13,7895.95996,7764460032
285,2018-04-14,7986.24023,5191430144
286,2018-04-15,8329.11035,5244480000
287,2018-04-16,8058.66992,5631309824
288,2018-04-17,7902.08984,6900879872
289,2018-04-18,8163.41992,6529909760
290,2018-04-19,8294.30957,7063209984
291,2018-04-20,8845.83008,8438110208
292,2018-04-21,8895.58008,7548550144
293,2018-04-22,8802.45996,6629899776
294,2018-04-23,8930.87988,6925190144
295,2018-04-24,9697.5,10678800384
296,2018-04-25,8845.74023,11083100160
297,2018-04-26,9281.50977,8970559488
298,2018-04-27,8987.04981,7566289920
299,2018-04-28,9348.48047,7805479936
300,2018-04-29,9419.08008,8853000192
301,2018-04-30,9240.54981,8673920000
302,2018-05-01,9119.00977,7713019904
303,2018-05-02,9235.91992,7558159872
304,2018-05-03,9743.86035,10207299584
305,2018-05-04,9700.75977,8217829888
306,2018-05-05,9858.15039,7651939840
307,2018-05-06,9654.79981,7222280192
308,2018-05-07,9373.00977,7394019840
309,2018-05-08,9234.82031,7415869952
310,2018-05-09,9325.17969,7226890240
311,2018-05-10,9043.94043,6906699776
312,2018-05-11,8441.49023,8488520192
313,2018-05-12,8504.88965,6821380096
314,2018-05-13,8723.94043,5866379776
315,2018-05-14,8716.79004,7364149760
316,2018-05-15,8510.37988,6705710080
317,2018-05-16,8368.83008,6760220160
318,2018-05-17,8094.31982,5862530048
319,2018-05-18,8250.96973,5764190208
320,2018-05-19,8247.17969,4712399872
321,2018-05-20,8513.25,5191059968
322,2018-05-21,8418.99023,5154990080
323,2018-05-22,8041.77979,5137010176
324,2018-05-23,7557.81982,6491120128
325,2018-05-24,7587.33984,6049220096
326,2018-05-25,7480.14014,4867829760
327,2018-05-26,7355.87988,4051539968
328,2018-05-27,7368.22022,4056519936
329,2018-05-28,7135.99023,5040600064
330,2018-05-29,7472.58984,5662660096
331,2018-05-30,7406.52002,4922540032
332,2018-05-31,7494.16992,5127130112
333,2018-06-01,7541.4502,4921460224
334,2018-06-02,7643.4502,4939299840
335,2018-06-03,7720.25,4851760128
336,2018-06-04,7514.47022,4993169920
337,2018-06-05,7633.75977,4961739776
338,2018-06-06,7653.97998,4692259840
339,2018-06-07,7678.24023,4485799936
340,2018-06-08,7624.91992,4227579904
341,2018-06-09,7531.97998,3845220096
342,2018-06-10,6786.02002,5804839936
343,2018-06-11,6906.91992,4745269760
344,2018-06-12,6582.35986,4654380032
345,2018-06-13,6349.8999,5052349952
346,2018-06-14,6675.3501,5138710016
347,2018-06-15,6456.58008,3955389952
348,2018-06-16,6550.16016,3194170112
349,2018-06-17,6499.27002,3104019968
350,2018-06-18,6734.81982,4039200000
351,2018-06-19,6769.93994,4057029888
352,2018-06-20,6776.54981,3888640000
353,2018-06-21,6729.74023,3529129984
354,2018-06-22,6083.68994,5079810048
355,2018-06-23,6162.47998,3431360000
356,2018-06-24,6173.22998,4566909952
357,2018-06-25,6249.18018,5500810240
358,2018-06-26,6093.66992,3279759872
359,2018-06-27,6157.12988,3296219904
360,2018-06-28,5903.43994,3467800064
361,2018-06-29,6218.29981,3966230016
362,2018-06-30,6404.0,4543860224
363,2018-07-01,6385.81982,4788259840
364,2018-07-02,6614.18018,4396930048
365,2018-07-03,6529.58984,4672309760
366,2018-07-04,6597.54981,4176689920
367,2018-07-05,6639.14014,4999240192
368,2018-07-06,6673.5,4313959936
369,2018-07-07,6856.93018,3961080064
370,2018-07-08,6773.87988,3386210048
371,2018-07-09,6741.75,3718129920
372,2018-07-10,6329.9502,4052430080
373,2018-07-11,6394.70996,3644859904
374,2018-07-12,6228.81006,3770170112
375,2018-07-13,6238.04981,3805400064
376,2018-07-14,6276.12012,2923670016
377,2018-07-15,6359.64014,3285459968
378,2018-07-16,6741.75,4725799936
379,2018-07-17,7321.04004,5961950208
380,2018-07-18,7370.77979,6103410176
381,2018-07-19,7466.85986,5111629824
382,2018-07-20,7354.12988,4936869888
383,2018-07-21,7419.29004,3726609920
384,2018-07-22,7418.49023,3695460096
385,2018-07-23,7711.10986,5132480000
386,2018-07-24,8424.26953,7277689856
387,2018-07-25,8181.39014,5845400064
388,2018-07-26,7951.58008,4899089920
389,2018-07-27,8165.00977,5195879936
390,2018-07-28,8192.15039,3988750080
391,2018-07-29,8218.45996,4107190016
392,2018-07-30,8180.47998,5551400000
393,2018-07-31,7780.43994,5287530000
394,2018-08-01,7624.91016,4797620000
395,2018-08-02,7567.1499,4214110000
396,2018-08-03,7434.39014,4627150000
397,2018-08-04,7032.8501,4268390000
398,2018-08-05,7068.47998,3679110000
399,2018-08-06,6951.79981,3925900000
400,2018-08-07,6753.12012,4682800000
401,2018-08-08,6305.79981,5064430000
402,2018-08-09,6568.22998,4267040000
403,2018-08-10,6184.70996,4528680000
404,2018-08-11,6295.72998,4047850000
405,2018-08-12,6322.68994,5665250000
406,2018-08-13,6297.56982,4083980000
407,2018-08-14,6199.70996,5301700000
408,2018-08-15,6308.52002,4895450000
409,2018-08-16,6334.72998,4328420000
410,2018-08-17,6580.62988,4992990000
411,2018-08-18,6423.75977,3984520000
412,2018-08-19,6506.06982,3311170000
413,2018-08-20,6308.52979,3665100000
414,2018-08-21,6488.75977,3377180000
415,2018-08-22,6376.70996,4668110000
416,2018-08-23,6534.87988,3426180000
417,2018-08-24,6719.95996,4097820000
418,2018-08-25,6763.18994,3312600000
419,2018-08-26,6707.25977,3295500000
420,2018-08-27,6884.64014,4019000000
421,2018-08-28,7096.27979,4659940000
422,2018-08-29,7047.16016,4145880000
423,2018-08-30,6978.22998,4463250000
424,2018-08-31,7037.58008,4495650000
425,2018-09-01,7193.25,4116050000
426,2018-09-02,7272.72022,4329540000
427,2018-09-03,7260.06006,4087760000
428,2018-09-04,7361.66016,4273640000
429,2018-09-05,6792.83008,5800460000
430,2018-09-06,6529.16992,5523470000
431,2018-09-07,6467.06982,4264680000
432,2018-09-08,6225.97998,3835060000
433,2018-09-09,6300.85986,3671890000
434,2018-09-10,6329.7002,3714100000
435,2018-09-11,6321.2002,3849910000
436,2018-09-12,6351.79981,4064230000
437,2018-09-13,6517.31006,4210910000
438,2018-09-14,6512.70996,4076220000
439,2018-09-15,6543.2002,3216300000
440,2018-09-16,6517.18018,3273730000
441,2018-09-17,6281.2002,3910780000
442,2018-09-18,6371.29981,4180090000
443,2018-09-19,6398.54004,4431340000
444,2018-09-20,6519.66992,4348110000
445,2018-09-21,6734.9502,6531940000
446,2018-09-22,6721.97998,4509660000
447,2018-09-23,6710.62988,4197500000
448,2018-09-24,6595.41016,4177310000
449,2018-09-25,6446.47022,4726180000
450,2018-09-26,6495.0,4437300000
451,2018-09-27,6676.75,4606810000
452,2018-09-28,6644.12988,5014430000
453,2018-09-29,6601.95996,4363690000
454,2018-09-30,6625.56006,4002280000
455,2018-10-01,6589.62012,4000970000
456,2018-10-02,6556.1001,3979260000
457,2018-10-03,6502.58984,3887310000
458,2018-10-04,6576.68994,3838410000
459,2018-10-05,6622.47998,3671500000
460,2018-10-06,6588.31006,3259740000
461,2018-10-07,6602.9502,3306630000
462,2018-10-08,6652.22998,3979460000
463,2018-10-09,6642.64014,3580810000
464,2018-10-10,6585.52979,3787650000
465,2018-10-11,6256.24023,5181640000
466,2018-10-12,6274.58008,3783500000
467,2018-10-13,6285.99023,3064030000
468,2018-10-14,6290.93018,3085320000
469,2018-10-15,6596.54004,7370770000
470,2018-10-16,6596.10986,4074800000
471,2018-10-17,6544.43018,4088420000
472,2018-10-18,6476.70996,3924080000
473,2018-10-19,6465.41016,3578870000
474,2018-10-20,6489.18994,3379130000
475,2018-10-21,6482.3501,3253610000
476,2018-10-22,6487.16016,3672860000
477,2018-10-23,6475.74023,3716150000
478,2018-10-24,6495.83984,3424670000
479,2018-10-25,6476.29004,3230550000
480,2018-10-26,6474.75,3306050000
481,2018-10-27,6480.37988,3393250000
482,2018-10-28,6486.39014,3445190000
483,2018-10-29,6332.62988,4199910000
484,2018-10-30,6334.27002,3781100000
485,2018-10-31,6317.60986,4191240000
486,2018-11-01,6377.77979,3789400000
487,2018-11-02,6388.43994,4234870000
488,2018-11-03,6361.25977,3658640000
489,2018-11-04,6376.12988,4390020000
490,2018-11-05,6419.66016,4174800000
491,2018-11-06,6461.00977,4700040000
492,2018-11-07,6530.14014,4941260000
493,2018-11-08,6453.72022,4665260000
494,2018-11-09,6385.62012,4346820000
495,2018-11-10,6409.22022,3705320000
496,2018-11-11,6411.27002,3939060000
497,2018-11-12,6371.27002,4295770000
498,2018-11-13,6359.49023,4503800000
499,2018-11-14,5738.3501,7398940000
500,2018-11-15,5648.02979,7032140000
501,2018-11-16,5575.54981,5279320000
502,2018-11-17,5554.33008,4303150000
503,2018-11-18,5623.54004,4159680000
504,2018-11-19,4871.49023,7039560000
505,2018-11-20,4451.87012,8428290000
506,2018-11-21,4602.16992,6120120000
507,2018-11-22,4365.93994,4569370000
508,2018-11-23,4347.10986,4871490000
509,2018-11-24,3880.76001,4679500000
510,2018-11-25,4009.96997,6825640000
511,2018-11-26,3779.12988,6476900000
512,2018-11-27,3820.71997,5998720000
513,2018-11-28,4257.41992,7280280000
514,2018-11-29,4278.84668,6503347767
515,2018-11-30,4017.26856,6048016717
516,2018-12-01,4214.67188,5375314093
517,2018-12-02,4139.87793,5262697895
518,2018-12-03,3894.13086,5089570994
519,2018-12-04,3956.8938,5028069239
520,2018-12-05,3753.99487,5302481574
521,2018-12-06,3521.10181,5878333109
522,2018-12-07,3419.93726,6835615448
523,2018-12-08,3476.11475,5305024497
524,2018-12-09,3614.23438,4947372847
525,2018-12-10,3502.65601,5020968740
526,2018-12-11,3424.58814,4696765188
527,2018-12-12,3486.9502,4139364829
528,2018-12-13,3313.67725,4343372456
529,2018-12-14,3242.48486,4372763663
530,2018-12-15,3236.76172,3551763561
531,2018-12-16,3252.83911,3744248994
532,2018-12-17,3545.86475,5409247918
533,2018-12-18,3696.05908,5911325473
534,2018-12-19,3745.95068,6810689119
535,2018-12-20,4134.44141,8927129279
536,2018-12-21,3896.5437,7206015706
537,2018-12-22,4014.18262,5605823233
538,2018-12-23,3998.98023,6151275490
539,2018-12-24,4078.59912,7240968501
540,2018-12-25,3815.49072,6158207293
541,2018-12-26,3857.29761,5326547918
542,2018-12-27,3654.8335,5130222366
543,2018-12-28,3923.9187,5631554348
544,2018-12-29,3820.40869,4991655917
545,2018-12-30,3865.95264,4770578575
546,2018-12-31,3742.70044,4661840806
547,2019-01-01,3843.52002,4324200990
548,2019-01-02,3943.40942,5244856836
549,2019-01-03,3836.74121,4530215219
550,2019-01-04,3857.71753,4847965467
551,2019-01-05,3845.19458,5137609824
552,2019-01-06,4076.63257,5597027440
553,2019-01-07,4025.24829,5228625637
554,2019-01-08,4030.8479,5306593305
555,2019-01-09,4035.29639,5115905225
556,2019-01-10,3678.92456,6874143796
557,2019-01-11,3687.36548,5538712865
558,2019-01-12,3661.30103,4778170883
559,2019-01-13,3552.95313,4681302466
560,2019-01-14,3706.05225,5651384490
561,2019-01-15,3630.67529,5537192302
562,2019-01-16,3655.00684,5394457145
563,2019-01-17,3678.56397,5464420383
564,2019-01-18,3657.83936,5002961727
565,2019-01-19,3728.56836,5955691380
566,2019-01-20,3601.01367,5582489560
567,2019-01-21,3576.03247,5004347059
568,2019-01-22,3604.57715,5313623556
569,2019-01-23,3585.12305,5433755649
570,2019-01-24,3600.86548,5262869046
571,2019-01-25,3599.76587,5265847539
572,2019-01-26,3602.46045,5098183235
573,2019-01-27,3583.96582,5570752966
574,2019-01-28,3470.45044,6908930483
575,2019-01-29,3448.11694,5897159493
576,2019-01-30,3486.18164,5955112627
577,2019-01-31,3457.79273,5831198271
578,2019-02-01,3487.94531,5422926707
579,2019-02-02,3521.06079,5071623601
580,2019-02-03,3464.01343,5043937584
581,2019-02-04,3459.15405,5332718886
582,2019-02-05,3466.35742,5227549545
583,2019-02-06,3413.76782,5482196038
584,2019-02-07,3399.47168,5004962683
585,2019-02-08,3666.78027,7735623101
586,2019-02-09,3671.20361,6158833645
587,2019-02-10,3690.18823,6282256903
588,2019-02-11,3648.43066,6277056434
589,2019-02-12,3653.52856,6480384532
590,2019-02-13,3632.07056,6438903823
591,2019-02-14,3616.88086,6271044418
592,2019-02-15,3620.81079,6091952231
593,2019-02-16,3629.7876,5934744052
594,2019-02-17,3673.83618,7039512503
595,2019-02-18,3915.71436,9908216640
596,2019-02-19,3947.09448,9933626655
597,2019-02-20,3999.82056,8693373948
598,2019-02-21,3954.11816,7775128102
599,2019-02-22,4005.52661,7826525254
600,2019-02-23,4142.52686,8922258316
601,2019-02-24,3810.42749,10794227451
602,2019-02-25,3882.69629,9318796067
603,2019-02-26,3854.35791,7931218996
604,2019-02-27,3851.04736,8301309684
605,2019-02-28,3854.7854,8399767798
606,2019-03-01,3859.58374,7661247975
607,2019-03-02,3864.41504,7578786076
608,2019-03-03,3847.17578,7253558152
609,2019-03-04,3761.55713,9029175788
610,2019-03-05,3896.375,10174126415
611,2019-03-06,3903.94263,9175291529
612,2019-03-07,3911.48438,9584165519
613,2019-03-08,3901.13159,10638638944
614,2019-03-09,3963.31372,10796103518
615,2019-03-10,3951.59985,9713267607
616,2019-03-11,3905.2273,10125901903
617,2019-03-12,3909.15625,9809887079
618,2019-03-13,3906.71729,9469184841
619,2019-03-14,3924.36914,10480789570
620,2019-03-15,3960.91113,9394210605
621,2019-03-16,4048.72583,9856166973
622,2019-03-17,4025.229,8221625400
623,2019-03-18,4032.50732,9646954186
624,2019-03-19,4071.19019,9344919956
625,2019-03-20,4087.47632,10175916388
626,2019-03-21,4029.3269,10831212662
627,2019-03-22,4023.96826,9252935969
628,2019-03-23,4035.82642,9578850549
629,2019-03-24,4022.16821,9144851065
630,2019-03-25,3963.07056,10359818883
631,2019-03-26,3985.08081,10707678815
632,2019-03-27,4087.06616,10897131934
633,2019-03-28,4069.10718,9353915899
634,2019-03-29,4098.37451,10918665557
635,2019-03-30,4106.66016,9732688060
636,2019-03-31,4105.4043,9045122443
637,2019-04-01,4158.18311,10157794171
638,2019-04-02,4879.87793,21315047816
639,2019-04-03,4973.02197,22899891582
640,2019-04-04,4922.79883,18251810240
641,2019-04-05,5036.68115,16837325387
642,2019-04-06,5059.81738,16929795194
643,2019-04-07,5198.89697,16655416140
644,2019-04-08,5289.771,17154113634
645,2019-04-09,5204.9585,14722104361
646,2019-04-10,5324.55176,15504590933
647,2019-04-11,5064.48779,16555616019
648,2019-04-12,5089.53906,13675206312
649,2019-04-13,5096.58643,10823289598
650,2019-04-14,5167.72217,10391952498
651,2019-04-15,5067.1084,12290155061
652,2019-04-16,5235.55957,11618660197
653,2019-04-17,5251.93799,12438480677
654,2019-04-18,5298.38574,13256489918
655,2019-04-19,5303.8125,13780238655
656,2019-04-20,5337.88623,13169647522
657,2019-04-21,5314.53125,13731844223
658,2019-04-22,5399.36523,14601631648
659,2019-04-23,5572.36231,15867308108
660,2019-04-24,5464.8667,17048033399
661,2019-04-25,5210.51563,15330283408
662,2019-04-26,5279.34815,16812108040
663,2019-04-27,5268.29102,13111274675
664,2019-04-28,5285.13916,12819992056
665,2019-04-29,5247.35254,13735490672
666,2019-04-30,5350.72656,13878964574
667,2019-05-01,5402.69727,13679528236
668,2019-05-02,5505.28369,14644460907
669,2019-05-03,5768.28955,18720780006
670,2019-05-04,5831.16748,17567780766
671,2019-05-05,5795.7085,14808830723
672,2019-05-06,5746.80713,15737171804
673,2019-05-07,5829.50147,18026409033
674,2019-05-08,5982.45752,15320605300
675,2019-05-09,6174.52881,16784645411
676,2019-05-10,6378.84912,19419875368
677,2019-05-11,7204.77148,28867562329
678,2019-05-12,6972.37158,27773333680
679,2019-05-13,7814.91504,28677672181
680,2019-05-14,7994.41602,32031452227
681,2019-05-15,8205.16797,28344112920
682,2019-05-16,7884.90918,33167197581
683,2019-05-17,7343.89551,30066644905
684,2019-05-18,7271.20801,21354286562
685,2019-05-19,8197.68945,25902422040
686,2019-05-20,7978.30908,23843404340
687,2019-05-21,7963.32764,25127245056
688,2019-05-22,7680.06641,24719473175
689,2019-05-23,7881.84668,24457107820
690,2019-05-24,7987.37158,25919126991
691,2019-05-25,8052.54395,22256813107
692,2019-05-26,8673.21582,26677970091
693,2019-05-27,8805.77832,27949839564
694,2019-05-28,8719.96191,24226919267
695,2019-05-29,8659.48731,23473479966
696,2019-05-30,8319.47266,29246528551
697,2019-05-31,8574.50195,25365190957
698,2019-06-01,8564.0166,22488303544
699,2019-06-02,8742.95801,20266216022
700,2019-06-03,8208.99512,22004511436
701,2019-06-04,7707.771,24609731549
702,2019-06-05,7824.23145,21760923463
703,2019-06-06,7822.02344,19474611077
704,2019-06-07,8043.95117,19141423231
705,2019-06-08,7954.12793,16522722810
706,2019-06-09,7688.07715,16610726547
707,2019-06-10,8000.32959,18689275117
708,2019-06-11,7927.71436,17107279932
709,2019-06-12,8145.85742,19034432883
710,2019-06-13,8230.92383,18669407147
711,2019-06-14,8693.83301,19831162906
712,2019-06-15,8838.375,18371033226
713,2019-06-16,8994.48828,23348550311
714,2019-06-17,9320.35254,15562951919
715,2019-06-18,9081.7627,15848210536
716,2019-06-19,9273.52148,15546809946
717,2019-06-20,9527.16016,17846823784
718,2019-06-21,10144.55664,20624008643
719,2019-06-22,10701.69141,29995204861
720,2019-06-23,10855.37109,20998326502
721,2019-06-24,11011.10254,19271652365
722,2019-06-25,11790.91699,24879684533
723,2019-06-26,13016.23145,45105733173
724,2019-06-27,11182.80664,39977475223
725,2019-06-28,12407.33203,35087757766
726,2019-06-29,11959.37109,29923961128
727,2019-06-30,10817.15527,27256473494
728,2019-07-01,10583.13477,29378589324
729,2019-07-02,10801.67773,31015895223
730,2019-07-03,11961.26953,30796494294
731,2019-07-04,11215.4375,25920294033
732,2019-07-05,10978.45996,23838480210
733,2019-07-06,11208.55078,21092024306
734,2019-07-07,11450.84668,19369044277
735,2019-07-08,12285.95801,23482551458
736,2019-07-09,12573.8125,28167921523
737,2019-07-10,12156.5127,33627574244
738,2019-07-11,11358.66211,28595327690
739,2019-07-12,11815.98633,23534692797
740,2019-07-13,11392.37891,21042616384
741,2019-07-14,10256.05859,22486000001
742,2019-07-15,10895.08984,25384047207
743,2019-07-16,9477.6416,24151199070
744,2019-07-17,9693.80273,24569921549
745,2019-07-18,10666.48242,25187024648
746,2019-07-19,10530.73242,20727426310
747,2019-07-20,10767.13965,20206615155
748,2019-07-21,10599.10547,17130580467
749,2019-07-22,10343.10645,16334414913
750,2019-07-23,9900.76758,17851916995
751,2019-07-24,9811.92578,17398734322
752,2019-07-25,9911.8418,15821952090
753,2019-07-26,9870.30371,14495714483
754,2019-07-27,9477.67773,16817809536
755,2019-07-28,9552.86035,13738687093
756,2019-07-29,9519.14551,13791445323
757,2019-07-30,9607.42383,13829811132
758,2019-07-31,10085.62793,16631520648
759,2019-08-01,10399.66895,17165337858
760,2019-08-02,10518.17481,17489094082
761,2019-08-03,10821.72656,15352685061
762,2019-08-04,10970.18457,16530894787
763,2019-08-05,11805.65332,23875988832
764,2019-08-06,11478.16895,23635107660
765,2019-08-07,11941.96875,22194988641
766,2019-08-08,11966.40723,19481591730
767,2019-08-09,11862.93652,18339989960
768,2019-08-10,11354.02441,18125355447
769,2019-08-11,11523.5791,15774371518
770,2019-08-12,11382.61621,13647198229
771,2019-08-13,10895.83008,16681503537
772,2019-08-14,10051.7041,19990838300
773,2019-08-15,10311.5459,22899115082
774,2019-08-16,10374.33887,20228207096
775,2019-08-17,10231.74414,13778035685
776,2019-08-18,10345.81055,12999813869
777,2019-08-19,10916.05371,16038264603
778,2019-08-20,10763.23242,15053082175
779,2019-08-21,10138.04981,19473084768
780,2019-08-22,10131.05566,17097508856
781,2019-08-23,10407.96484,15627023886
782,2019-08-24,10159.96094,15451030650
783,2019-08-25,10138.51758,14153856610
784,2019-08-26,10370.82031,18438654080
785,2019-08-27,10185.5,14762609503
786,2019-08-28,9754.42285,17603790323
787,2019-08-29,9510.2002,17045878501
788,2019-08-30,9598.17383,13595263986
789,2019-08-31,9630.66406,11454806419
790,2019-09-01,9757.9707,11445355859
791,2019-09-02,10346.76074,17248102294
792,2019-09-03,10623.54004,19384917989
793,2019-09-04,10594.49316,16742664769
794,2019-09-05,10575.5332,14551239508
795,2019-09-06,10353.30273,19536574783
796,2019-09-07,10517.25488,15307366476
797,2019-09-08,10441.27637,13670567493
798,2019-09-09,10334.97461,17595943368
799,2019-09-10,10115.97559,14906809639
800,2019-09-11,10178.37207,15428063426
801,2019-09-12,10410.12695,15323563925
802,2019-09-13,10360.54688,14109864675
803,2019-09-14,10358.04883,13468713124
804,2019-09-15,10347.71289,12043433567
805,2019-09-16,10276.79395,15160167779
806,2019-09-17,10241.27246,15304603363
807,2019-09-18,10198.24805,16169268880
808,2019-09-19,10266.41504,19937691247
809,2019-09-20,10181.6416,14734189639
810,2019-09-21,10019.7168,13425266806
811,2019-09-22,10070.39258,13199651698
812,2019-09-23,9729.32422,15144925408
813,2019-09-24,8620.56641,25002886689
814,2019-09-25,8486.99316,21744728353
815,2019-09-26,8118.96777,19258205289
816,2019-09-27,8251.8457,16408941156
817,2019-09-28,8245.91504,14141152736
818,2019-09-29,8104.18555,13034629109
819,2019-09-30,8293.86816,17115474183
820,2019-10-01,8343.27637,15305343413
821,2019-10-02,8393.04199,13125712443
822,2019-10-03,8259.99219,13668823409
823,2019-10-04,8205.93945,13139456229
824,2019-10-05,8151.50049,12200497197
825,2019-10-06,7988.15576,13160830305
826,2019-10-07,8245.62305,18009742607
827,2019-10-08,8228.7832,15592264032
828,2019-10-09,8595.74023,19384942333
829,2019-10-10,8586.47363,17618660671
830,2019-10-11,8321.75684,19604381101
831,2019-10-12,8336.55566,14532641605
832,2019-10-13,8321.00586,13808286059
833,2019-10-14,8374.68652,15151387859
834,2019-10-15,8205.36914,15220412632
835,2019-10-16,8047.52686,16071646996
836,2019-10-17,8103.91113,14313052244
837,2019-10-18,7973.20752,15651592610
838,2019-10-19,7988.56055,13797825640
839,2019-10-20,8222.07813,15504249442
840,2019-10-21,8243.7207,15868748866
841,2019-10-22,8078.20313,16803377857
842,2019-10-23,7514.67188,21942878958
843,2019-10-24,7493.48877,16268708849
844,2019-10-25,8660.7002,28705065488
845,2019-10-26,9244.97266,44496255609
846,2019-10-27,9551.71484,32593129501
847,2019-10-28,9256.14844,30948255332
848,2019-10-29,9427.6875,28426779937
849,2019-10-30,9205.72656,27706531577
850,2019-10-31,9199.58496,26583653947
851,2019-11-01,9261.10449,24324691031
852,2019-11-02,9324.71777,21242676385
853,2019-11-03,9235.35449,21132220847
854,2019-11-04,9412.61231,26170255634
855,2019-11-05,9342.52734,26198609048
856,2019-11-06,9360.87988,23133895765
857,2019-11-07,9267.56152,22700383839
858,2019-11-08,8804.88086,24333037836
859,2019-11-09,8813.58203,17578630606
860,2019-11-10,9055.52637,20587919881
861,2019-11-11,8757.78809,20265510765
862,2019-11-12,8815.66211,20309769107
863,2019-11-13,8808.2627,17545755405
864,2019-11-14,8708.09473,19084739975
865,2019-11-15,8491.99219,21796856471
866,2019-11-16,8550.76074,16495389808
867,2019-11-17,8577.97559,18668638897
868,2019-11-18,8309.28613,21579470673
869,2019-11-19,8206.14551,21083613816
870,2019-11-20,8027.26807,20764300437
871,2019-11-21,7642.75,22514243371
872,2019-11-22,7296.57764,34242315785
873,2019-11-23,7397.79688,21008924418
874,2019-11-24,7047.91699,30433517289
875,2019-11-25,7146.13379,42685231262
876,2019-11-26,7218.37109,21129505542
877,2019-11-27,7531.66357,23991412764
878,2019-11-28,7463.10596,19050116751
879,2019-11-29,7761.24365,19709695456
880,2019-11-30,7569.62988,17158194786
881,2019-12-01,7424.29248,18720708479
882,2019-12-02,7321.98828,17082040706
883,2019-12-03,7320.14551,14797485769
884,2019-12-04,7252.03467,21664240918
885,2019-12-05,7448.30762,18816085231
886,2019-12-06,7546.99658,18104466307
887,2019-12-07,7556.23779,15453520564
888,2019-12-08,7564.34522,15409908086
889,2019-12-09,7400.89941,17872021272
890,2019-12-10,7278.11963,18249031195
891,2019-12-11,7217.42725,16350490689
892,2019-12-12,7243.13428,18927080224
893,2019-12-13,7269.68457,17125736940
894,2019-12-14,7124.67383,17137029730
895,2019-12-15,7152.30176,16881129804
896,2019-12-16,6932.48047,20213265950
897,2019-12-17,6640.51514,22363804217
898,2019-12-18,7276.80273,31836522778
899,2019-12-19,7202.84424,25904604416
900,2019-12-20,7218.81641,22633815180
901,2019-12-21,7191.15869,19312552168
902,2019-12-22,7511.58887,23134537956
903,2019-12-23,7355.62842,27831788041
904,2019-12-24,7322.53223,22991622105
905,2019-12-25,7275.15576,21559505149
906,2019-12-26,7238.9668,22787010034
907,2019-12-27,7290.08838,22777360996
908,2019-12-28,7317.99023,21365673026
909,2019-12-29,7422.65283,22445257702
910,2019-12-30,7292.99512,22874131672
911,2019-12-31,7193.59912,21167946112
912,2020-01-01,7200.17432,18565664997
913,2020-01-02,6985.47022,20802083465
914,2020-01-03,7344.88428,28111481032
915,2020-01-04,7410.65674,18444271275
916,2020-01-05,7411.31738,19725074095
917,2020-01-06,7769.21924,23276261598
918,2020-01-07,8163.69238,28767291327
919,2020-01-08,8079.86279,31672559265
920,2020-01-09,7879.07129,24045990466
921,2020-01-10,8166.5542,28714583844
922,2020-01-11,8037.5376,25521165085
923,2020-01-12,8192.49414,22903438381
924,2020-01-13,8144.19434,22482910688
925,2020-01-14,8827.76465,44841784107
926,2020-01-15,8807.01074,40102834650
927,2020-01-16,8723.78613,31313981931
928,2020-01-17,8929.03809,36372139320
929,2020-01-18,8942.80859,32337772627
930,2020-01-19,8706.24512,34217320471
931,2020-01-20,8657.64258,26422375678
932,2020-01-21,8745.89453,24097418512
933,2020-01-22,8680.87598,22600204051
934,2020-01-23,8406.51563,25770680779
935,2020-01-24,8445.43457,24397913026
936,2020-01-25,8367.84766,19647331549
937,2020-01-26,8596.83008,22177678796
938,2020-01-27,8909.81934,28647338393
939,2020-01-28,9358.58984,34398744403
940,2020-01-29,9316.62988,30682598115
941,2020-01-30,9508.99316,32378792851
942,2020-01-31,9350.5293,29432489719
943,2020-02-01,9392.875,25922656496
944,2020-02-02,9344.36523,30835736946
945,2020-02-03,9293.52148,30934096509
946,2020-02-04,9180.96289,29893183716
947,2020-02-05,9613.42383,35222060874
948,2020-02-06,9729.80176,37628823716
949,2020-02-07,9795.94336,34522718159
950,2020-02-08,9865.11914,35172043762
951,2020-02-09,10116.67383,35807884663
952,2020-02-10,9856.61133,39386548075
953,2020-02-11,10208.23633,37648059389
954,2020-02-12,10326.05469,43444303830
955,2020-02-13,10214.37988,49356071373
956,2020-02-14,10312.11621,43338264162
957,2020-02-15,9889.42481,43865054831
958,2020-02-16,9934.43359,43374780305
959,2020-02-17,9690.14258,45998298413
960,2020-02-18,10141.99609,47271023953
961,2020-02-19,9633.38672,46992019710
962,2020-02-20,9608.47559,44925260237
963,2020-02-21,9686.44141,40930547513
964,2020-02-22,9663.18164,35838025154
965,2020-02-23,9924.51563,41185185761
966,2020-02-24,9650.17481,45080496648
967,2020-02-25,9341.70508,42515259129
968,2020-02-26,8820.52246,50420050762
969,2020-02-27,8784.49414,45470195695
970,2020-02-28,8672.45508,44605450443
971,2020-02-29,8599.50879,35792392544
972,2020-03-01,8562.4541,35349164300
973,2020-03-02,8869.66992,42857674409
974,2020-03-03,8787.78613,42386715821
975,2020-03-04,8755.24609,34746706368
976,2020-03-05,9078.7627,39698054597
977,2020-03-06,9122.5459,40826885651
978,2020-03-07,8909.9541,36216930370
979,2020-03-08,8108.11621,39973102121
980,2020-03-09,7923.64453,46936995808
981,2020-03-10,7909.72949,42213940994
982,2020-03-11,7911.43018,38682762605
983,2020-03-12,4970.78809,53980357243
984,2020-03-13,5563.70703,74156772075
985,2020-03-14,5200.36621,36154506008
986,2020-03-15,5392.31494,33997889639
987,2020-03-16,5014.47998,45368026430
988,2020-03-17,5225.6294,38622642935
989,2020-03-18,5238.43848,37878801016
990,2020-03-19,6191.19287,51000731797
991,2020-03-20,6198.77832,54442976103
992,2020-03-21,6185.06641,42494390880
993,2020-03-22,5830.25488,40099664740
994,2020-03-23,6416.31494,46491916000
995,2020-03-24,6734.80371,48221910672
996,2020-03-25,6681.06299,44590107888
997,2020-03-26,6716.44043,35319797642
998,2020-03-27,6469.79834,34585598367
999,2020-03-28,6242.19385,34885225901
1000,2020-03-29,5922.04297,28373690931
1001,2020-03-30,6429.8418,37101651525
1002,2020-03-31,6438.64453,32786468812
1003,2020-04-01,6606.77637,40346426266
1004,2020-04-02,6793.62451,47660646124
1005,2020-04-03,6733.38721,38976504903
1006,2020-04-04,6867.52734,33185988584
1007,2020-04-05,6791.1294,29510409856
1008,2020-04-06,7271.78125,46896904615
1009,2020-04-07,7176.41455,44243482668
1010,2020-04-08,7334.09863,37563249549
1011,2020-04-09,7302.08936,34815139178
1012,2020-04-10,6865.49316,43622840992
1013,2020-04-11,6859.08301,31222085946
1014,2020-04-12,6971.0918,35759567632
1015,2020-04-13,6845.0376,38619308647
1016,2020-04-14,6842.42773,34110434052
1017,2020-04-15,6642.10986,32288311031
1018,2020-04-16,7116.8042,46783242377
1019,2020-04-17,7096.18457,32513423567
1020,2020-04-18,7257.66504,32447188386
1021,2020-04-19,7189.42481,31311210215
1022,2020-04-20,6881.9585,37747113936
1023,2020-04-21,6880.32324,32589741511
1024,2020-04-22,7117.20752,33249153866
1025,2020-04-23,7429.72461,43500782316
1026,2020-04-24,7550.90088,34636526286
1027,2020-04-25,7569.93604,32941541447
1028,2020-04-26,7679.86719,33070154491
1029,2020-04-27,7795.60107,36162144725
1030,2020-04-28,7807.05859,33187959921
1031,2020-04-29,8801.03809,60201052203
1032,2020-04-30,8658.55371,66964629541
1033,2020-05-01,8864.7666,44068389997
1034,2020-05-02,8988.59668,40134388683
1035,2020-05-03,8897.46875,47101785174
1036,2020-05-04,8912.6543,45718796276
1037,2020-05-05,9003.07031,43148462663
1038,2020-05-06,9268.76172,49371886931
1039,2020-05-07,9951.51856,61112700562
1040,2020-05-08,9842.66602,51780748042
1041,2020-05-09,9593.89648,46566121841
1042,2020-05-10,8756.43066,63325279337
1043,2020-05-11,8601.7959,57119858802
1044,2020-05-12,8804.47754,42142717533
1045,2020-05-13,9269.98731,45558144023
1046,2020-05-14,9733.72168,56426907637
1047,2020-05-15,9328.19727,48158802327
1048,2020-05-16,9377.01367,36164766408
1049,2020-05-17,9670.73926,40084250663
1050,2020-05-18,9726.5752,41827139896
1051,2020-05-19,9729.03809,39254288955
1052,2020-05-20,9522.98145,36546239703
1053,2020-05-21,9081.76172,39326160532
1054,2020-05-22,9182.57715,29810773699
1055,2020-05-23,9209.28711,27727866812
1056,2020-05-24,8790.36816,32518803300
1057,2020-05-25,8906.93457,31288157264
1058,2020-05-26,8835.05273,29584186947
1059,2020-05-27,9181.01758,32740536902
1060,2020-05-28,9525.75098,34367073114
1061,2020-05-29,9439.12402,32896642044
1062,2020-05-30,9700.41406,32722975141
1063,2020-05-31,9461.05859,27773290299
1064,2020-06-01,10167.26856,35198901068
1065,2020-06-02,9529.80371,39137252109
1066,2020-06-03,9656.71777,25007459262
1067,2020-06-04,9800.63672,25921805072
1068,2020-06-05,9665.5332,23509628646
1069,2020-06-06,9653.67969,20438419222
1070,2020-06-07,9758.85254,25015250846
1071,2020-06-08,9771.48926,21486346312
1072,2020-06-09,9795.7002,23717842783
1073,2020-06-10,9870.09473,25706567601
1074,2020-06-11,9321.78125,30247143440
1075,2020-06-12,9480.84375,22610564515
1076,2020-06-13,9475.27734,17564322315
1077,2020-06-14,9386.78809,18991732746
1078,2020-06-15,9450.70215,26699704768
1079,2020-06-16,9538.02441,21565537209
1080,2020-06-17,9480.25488,20177709879
1081,2020-06-18,9411.84082,17770083003
1082,2020-06-19,9288.01856,19632223107
1083,2020-06-20,9332.34082,17130541557
1084,2020-06-21,9303.62988,15324301169
1085,2020-06-22,9648.71777,21104009514
1086,2020-06-23,9629.6582,17006433272
1087,2020-06-24,9313.61035,18961716076
1088,2020-06-25,9264.81348,18616048626
1089,2020-06-26,9162.91797,18341465837
1090,2020-06-27,9045.39063,17273093144
1091,2020-06-28,9143.58203,14560870760
1092,2020-06-29,9190.85449,16460547078
1093,2020-06-30,9137.99316,15735797744
1094,2020-07-01,9228.3252,15971550355
1095,2020-07-02,9123.41016,16338916796
1096,2020-07-03,9087.30371,13078970999
1097,2020-07-04,9132.48828,12290528515
1098,2020-07-05,9073.94238,12903406143
1099,2020-07-06,9375.47461,17889263252
1100,2020-07-07,9252.27734,13839652595
1101,2020-07-08,9428.33301,19702359883
1102,2020-07-09,9277.96777,18000702524
1103,2020-07-10,9278.80762,16860035605
1104,2020-07-11,9240.34668,13249910444
1105,2020-07-12,9276.5,14452361907
1106,2020-07-13,9243.61426,17519821266
1107,2020-07-14,9243.21387,18085038362
1108,2020-07-15,9192.83691,15844731575
1109,2020-07-16,9132.22754,15713967523
1110,2020-07-17,9151.39258,13944570749
1111,2020-07-18,9159.04004,12252601475
1112,2020-07-19,9185.81738,12939002784
1113,2020-07-20,9164.23145,13755604146
1114,2020-07-21,9374.8877,18069581956
1115,2020-07-22,9525.36328,16532254884
1116,2020-07-23,9581.07227,18146399002
1117,2020-07-24,9536.89258,16552768325
1118,2020-07-25,9677.11328,16610070933
1119,2020-07-26,9905.16699,20507998997
1120,2020-07-27,10990.87305,35359749590
1121,2020-07-28,10912.82324,28766551142
1122,2020-07-29,11100.46777,24617249715
1123,2020-07-30,11111.21387,22857247901
1124,2020-07-31,11323.4668,23160469766
1125,2020-08-01,11759.59277,26075670303
1126,2020-08-02,11053.61426,27410067336
1127,2020-08-03,11246.34863,20271713443
1128,2020-08-04,11205.89258,21250197042
1129,2020-08-05,11747.02246,24411254471
1130,2020-08-06,11779.77344,23400740340
1131,2020-08-07,11601.47266,23132312867
1132,2020-08-08,11754.0459,17572057837
1133,2020-08-09,11675.73926,17489608833
1134,2020-08-10,11878.11133,26114112569
1135,2020-08-11,11410.52539,27039782640
1136,2020-08-12,11584.93457,25064548486
1137,2020-08-13,11784.1377,27522199497
1138,2020-08-14,11768.87109,24237958589
1139,2020-08-15,11865.69824,23354924400
1140,2020-08-16,11892.80371,20583375490
1141,2020-08-17,12254.40234,28227687027
1142,2020-08-18,11991.2334,26043227672
1143,2020-08-19,11758.2832,24502851117
1144,2020-08-20,11878.37207,20175242945
1145,2020-08-21,11592.48926,23762425999
1146,2020-08-22,11681.8252,20224191306
1147,2020-08-23,11664.84766,18482062658
1148,2020-08-24,11774.5957,20681511755
1149,2020-08-25,11366.13477,26301509932
1150,2020-08-26,11488.36328,22466660958
1151,2020-08-27,11323.39746,23240415076
1152,2020-08-28,11542.5,19807127588
1153,2020-08-29,11506.86523,17485597759
1154,2020-08-30,11711.50586,19760127945
1155,2020-08-31,11680.82031,22285928250
1156,2020-09-01,11970.47852,27311555343
1157,2020-09-02,11414.03418,28037405299
1158,2020-09-03,10245.29688,31927261555
1159,2020-09-04,10511.81348,29965130374
1160,2020-09-05,10169.56738,44916565292
1161,2020-09-06,10280.35156,37071460174
1162,2020-09-07,10369.56348,33703098409
1163,2020-09-08,10131.5166,33430927462
1164,2020-09-09,10242.34766,24128292755
1165,2020-09-10,10363.13867,54406443211
1166,2020-09-11,10400.91504,45201121775
1167,2020-09-12,10442.1709,36750077324
1168,2020-09-13,10323.75586,36506852789
1169,2020-09-14,10680.83789,35453581940
1170,2020-09-15,10796.95117,32509451925
1171,2020-09-16,10974.90527,30769986455
1172,2020-09-17,10948.99023,38151810523
1173,2020-09-18,10944.58594,26341903912
1174,2020-09-19,11094.34668,22764204008
1175,2020-09-20,10938.27148,24699523788
1176,2020-09-21,10462.25977,28884999244
1177,2020-09-22,10538.45996,23621787804
1178,2020-09-23,10246.18652,23788661867
1179,2020-09-24,10760.06641,47144380902
1180,2020-09-25,10692.7168,39348590957
1181,2020-09-26,10750.72363,46852525493
1182,2020-09-27,10775.26953,53745972818
1183,2020-09-28,10709.65234,47762394731
1184,2020-09-29,10844.64063,46582396602
1185,2020-09-30,10784.49121,44171073700
1186,2020-10-01,10619.45215,40023134100
1187,2020-10-02,10575.97461,48661453918
1188,2020-10-03,10549.3291,44660271563
1189,2020-10-04,10669.58301,71251776995
1190,2020-10-05,10793.33984,47537578009
1191,2020-10-06,10604.40625,42623695307
1192,2020-10-07,10668.96875,37799458436
1193,2020-10-08,10915.68555,63314794397
1194,2020-10-09,11064.45801,22799117613
1195,2020-10-10,11296.36133,22877978588
1196,2020-10-11,11384.18164,19968627060
1197,2020-10-12,11555.36328,26163972642
1198,2020-10-13,11425.89941,24241420251
1199,2020-10-14,11429.50684,24103426719
1200,2020-10-15,11495.34961,24487233058
1201,2020-10-16,11322.12305,25635480772
1202,2020-10-17,11358.10156,19130430174
1203,2020-10-18,11483.35938,18283314340
1204,2020-10-19,11742.03711,23860769928
1205,2020-10-20,11916.33496,30915821592
1206,2020-10-21,12823.68945,43414712626
1207,2020-10-22,12965.8916,34729759598
1208,2020-10-23,12931.53906,28974975003
1209,2020-10-24,13108.0625,24542317940
1210,2020-10-25,13031.17383,24406920575
1211,2020-10-26,13075.24805,29461458313
1212,2020-10-27,13654.21875,33749878156
1213,2020-10-28,13271.28516,35867318895
1214,2020-10-29,13437.88281,56499499598
1215,2020-10-30,13546.52246,30581485201
1216,2020-10-31,13780.99512,30306464719
1217,2020-11-01,13737.10938,24453857900
1218,2020-11-02,13550.48926,30771455468
1219,2020-11-03,13950.30078,29869951617
1220,2020-11-04,14133.70703,35116364962
1221,2020-11-05,15579.84863,40856321439
1222,2020-11-06,15565.88086,39837841971
1223,2020-11-07,14833.75391,35024953706
1224,2020-11-08,15479.56738,26632075029
1225,2020-11-09,15332.31543,34149115566
1226,2020-11-10,15290.90234,25574938143
1227,2020-11-11,15701.33984,29772374934
1228,2020-11-12,16276.34375,34175758344
1229,2020-11-13,16317.80859,31599492172
1230,2020-11-14,16068.13867,27481710135
1231,2020-11-15,15955.58789,23653867583
1232,2020-11-16,16716.11133,31526766675
1233,2020-11-17,17645.40625,39006849170
1234,2020-11-18,17804.00586,49064800278
1235,2020-11-19,17817.08984,36985055355
1236,2020-11-20,18621.31445,36992873940
1237,2020-11-21,18642.23242,39650210707
1238,2020-11-22,18370.00195,41280434226
1239,2020-11-23,18364.12109,42741112308
1240,2020-11-24,19107.46484,51469565009
1241,2020-11-25,18732.12109,43710357371
1242,2020-11-26,17150.62305,61396835737
1243,2020-11-27,17108.40234,38886494645
1244,2020-11-28,17717.41406,32601040734
1245,2020-11-29,18177.48438,31133957704
1246,2020-11-30,19625.83594,47728480399
1247,2020-12-01,18802.99805,49633658712
1248,2020-12-02,19201.0918,37387697139
1249,2020-12-03,19445.39844,31930317405
1250,2020-12-04,18699.76563,33872388058
1251,2020-12-05,19154.23047,27242455064
1252,2020-12-06,19345.12109,25293775714
1253,2020-12-07,19191.63086,26896357742
1254,2020-12-08,18321.14453,31692288756
1255,2020-12-09,18553.91602,34420373071
1256,2020-12-10,18264.99219,25547132265
1257,2020-12-11,18058.9043,27919640985
1258,2020-12-12,18803.65625,21752580802
1259,2020-12-13,19142.38281,25450468637
1260,2020-12-14,19246.64453,22473997681
1261,2020-12-15,19417.07617,26741982541
1262,2020-12-16,21310.59766,44409011479
1263,2020-12-17,22805.16211,71378606374
1264,2020-12-18,23137.96094,40387896275
1265,2020-12-19,23869.83203,38487546580
1266,2020-12-20,23477.29492,37844228422
1267,2020-12-21,22803.08203,45852713981
1268,2020-12-22,23783.0293,44171632681
1269,2020-12-23,23241.3457,51146161904
1270,2020-12-24,23735.94922,41080759713
1271,2020-12-25,24664.79102,42068395846
1272,2020-12-26,26437.03711,48332647295
1273,2020-12-27,26272.29492,66479895605
1274,2020-12-28,27084.80859,49056742893
1275,2020-12-29,27362.4375,45265946774
1276,2020-12-30,28840.95313,51287442704
1277,2020-12-31,29001.7207,46754964848
1278,2021-01-01,29374.15234,40730301359
1279,2021-01-02,32127.26758,67865420765
1280,2021-01-03,32782.02344,78665235202
1281,2021-01-04,31971.91406,81163475344
1282,2021-01-05,33992.42969,67547324782
1283,2021-01-06,36824.36328,75289433811
1284,2021-01-07,39371.04297,84762141031
1285,2021-01-08,40797.60938,88107519480
1286,2021-01-09,40254.54688,61984162837
1287,2021-01-10,38356.44141,79980747690
1288,2021-01-11,35566.65625,123320567399
1289,2021-01-12,33922.96094,74773277909
1290,2021-01-13,37316.35938,69364315979
1291,2021-01-14,39187.32813,63615990033
1292,2021-01-15,36825.36719,67760757881
1293,2021-01-16,36178.14063,57706187875
1294,2021-01-17,35791.27734,52359854336
1295,2021-01-18,36630.07422,49511702429
1296,2021-01-19,36069.80469,57244195486
1297,2021-01-20,35547.75,66834573161
1298,2021-01-21,30825.69922,75643067688
1299,2021-01-22,33005.76172,77207272511
1300,2021-01-23,32067.64258,48354737975
1301,2021-01-24,32289.37891,48643830599
1302,2021-01-25,32366.39258,59897054838
1303,2021-01-26,32569.84961,60255421470
1304,2021-01-27,30432.54688,62576762015
1305,2021-01-28,33466.09766,76517157706
1306,2021-01-29,34316.38672,117894572511
1307,2021-01-30,34269.52344,65141828798
1308,2021-01-31,33114.35938,52754542671
1309,2021-02-01,33537.17578,61400400660
1310,2021-02-02,35510.28906,63088585433
1311,2021-02-03,37472.08984,61166818159
1312,2021-02-04,36926.06641,68838074392
1313,2021-02-05,38144.30859,58598066402
1314,2021-02-06,39266.01172,71326033653
1315,2021-02-07,38903.44141,65500641143
1316,2021-02-08,46196.46484,101467222687
1317,2021-02-09,46481.10547,91809846886
1318,2021-02-10,44918.18359,87301089896
1319,2021-02-11,47909.33203,81388911810
1320,2021-02-12,47504.85156,76555041196
1321,2021-02-13,47105.51563,70250456155
1322,2021-02-14,48717.28906,71248675228
1323,2021-02-15,47945.05859,77069903166
1324,2021-02-16,49199.87109,77049582886
1325,2021-02-17,52149.00781,80820545404
1326,2021-02-18,51679.79688,52054723579
1327,2021-02-19,55888.13281,63495496918
1328,2021-02-20,56099.51953,68145460026
1329,2021-02-21,57539.94531,51897585191
1330,2021-02-22,54207.32031,92052420332
1331,2021-02-23,48824.42578,106102492824
1332,2021-02-24,49705.33203,63695521388
1333,2021-02-25,47093.85156,54506565949
1334,2021-02-26,46339.76172,350967941479
1335,2021-02-27,46188.45313,45910946382
1336,2021-02-28,45137.76953,53443887451
1337,2021-03-01,49631.24219,53891300112
1338,2021-03-02,48378.98828,47530897720
1339,2021-03-03,50538.24219,53220811975
1340,2021-03-04,48561.16797,52343816680
1341,2021-03-05,48927.30469,48625928883
1342,2021-03-06,48912.38281,34363564661
1343,2021-03-07,51206.69141,43137459378
1344,2021-03-08,52246.52344,48597428048
1345,2021-03-09,54824.11719,50912227385
1346,2021-03-10,56008.55078,57295577614
1347,2021-03-11,57805.12109,56772343595
1348,2021-03-12,57332.08984,55689944702
1349,2021-03-13,61243.08594,60669829814
1350,2021-03-14,59302.31641,43901225564
1351,2021-03-15,55907.19922,66419369890
1352,2021-03-16,56804.90234,59749798599
1353,2021-03-17,58870.89453,60258313191
1354,2021-03-18,57858.92188,55746041000
1355,2021-03-19,58346.65234,49063873786
1356,2021-03-20,58313.64453,50361731222
1357,2021-03-21,57523.42188,51943414539
1358,2021-03-22,54529.14453,56521454974
1359,2021-03-23,54738.94531,56435023914
1360,2021-03-24,52774.26563,70567223787
1361,2021-03-25,51704.16016,67999812841
1362,2021-03-26,55137.3125,56652197978
1363,2021-03-27,55973.51172,47266542233
1364,2021-03-28,55950.74609,47686580918
1365,2021-03-29,57750.19922,57625587027
1366,2021-03-30,58917.69141,54414116432
1367,2021-03-31,58918.83203,65520826225
1368,2021-04-01,59095.80859,61669163792
1369,2021-04-02,59384.3125,58727860620
1370,2021-04-03,57603.89063,59641344484
1371,2021-04-04,58758.55469,50749662970
1372,2021-04-05,59057.87891,60706272115
1373,2021-04-06,58192.35938,66058027988
1374,2021-04-07,56048.9375,75645303584
1375,2021-04-08,58323.95313,53053855641
1376,2021-04-09,58245.00391,46655208546
1377,2021-04-10,59793.23438,58238470525
1378,2021-04-11,60204.96484,46280252580
1379,2021-04-12,59893.45313,51828688519
1380,2021-04-13,63503.45703,69983454362
1381,2021-04-14,63109.69531,77451779687
1382,2021-04-15,63314.01172,60954381579
1383,2021-04-16,61572.78906,84293007468
1384,2021-04-17,60683.82031,66138759198
1385,2021-04-18,56216.18359,97468872758
1386,2021-04-19,55724.26563,65344865159
1387,2021-04-20,56473.03125,67849323955
1388,2021-04-21,53906.08984,54926612466
1389,2021-04-22,51762.27344,74798630778
1390,2021-04-23,51093.65234,86668667320
1391,2021-04-24,50050.86719,49014494781
1392,2021-04-25,49004.25391,46117114240
1393,2021-04-26,54021.75391,58284039825
1394,2021-04-27,55033.11719,49448222757
1395,2021-04-28,54824.70313,48000572955
1396,2021-04-29,53555.10938,46088929780
1397,2021-04-30,57750.17578,52395931985
1398,2021-05-01,57828.05078,42836427360
1399,2021-05-02,56631.07813,38177405335
1400,2021-05-03,57200.29297,51713139031
1401,2021-05-04,53333.53906,68564706967
1402,2021-05-05,57424.00781,69241316747
1403,2021-05-06,56396.51563,69523285106
1404,2021-05-07,57356.40234,68434023376
1405,2021-05-08,58803.77734,65382980634
1406,2021-05-09,58232.31641,65906690347
1407,2021-05-10,55859.79688,71776546298
1408,2021-05-11,56704.57422,61308396325
1409,2021-05-12,49150.53516,75215403907
1410,2021-05-13,49716.19141,96721152926
1411,2021-05-14,49880.53516,55737497453
1412,2021-05-15,46760.1875,59161047474
1413,2021-05-16,46456.05859,64047871555
1414,2021-05-17,43537.51172,74903638450
1415,2021-05-18,42909.40234,56187365084
1416,2021-05-19,37002.44141,126358098747
1417,2021-05-20,40782.73828,88281943359
1418,2021-05-21,37304.69141,82051616861
1419,2021-05-22,37536.63281,57377273240
1420,2021-05-23,34770.58203,78469274361
1421,2021-05-24,38705.98047,67359584098
1422,2021-05-25,38402.22266,56211915803
1423,2021-05-26,39294.19922,51346735160
1424,2021-05-27,38436.96875,43210968721
1425,2021-05-28,35697.60547,55200191952
1426,2021-05-29,34616.06641,45231013335
1427,2021-05-30,35678.12891,31646080921
1428,2021-05-31,37332.85547,39009847639
1429,2021-06-01,36684.92578,34639423297
1430,2021-06-02,37575.17969,33070867190
1431,2021-06-03,39208.76563,35460750427
1432,2021-06-04,36894.40625,41831090187
1433,2021-06-05,35551.95703,35959473399
1434,2021-06-06,35862.37891,28913440585
1435,2021-06-07,33560.70703,33683936663
1436,2021-06-08,33472.63281,49902050442
1437,2021-06-09,37345.12109,53972919008
1438,2021-06-10,36702.59766,43576032854
1439,2021-06-11,37334.39844,38699736985
1440,2021-06-12,35552.51563,37924228550
1441,2021-06-13,39097.85938,40669112838
1442,2021-06-14,40218.47656,43148914673
1443,2021-06-15,40406.26953,46420149185
1444,2021-06-16,38347.0625,39211635100
1445,2021-06-17,38053.50391,37096670047
1446,2021-06-18,35787.24609,36200887275
1447,2021-06-19,35615.87109,31207279719
1448,2021-06-20,35698.29688,36664034054
1449,2021-06-21,31676.69336,52809038594
1450,2021-06-22,32505.66016,58964353058
1451,2021-06-23,33723.02734,46317108925
1452,2021-06-24,34662.4375,33123368116
1453,2021-06-25,31637.7793,40230904226
1454,2021-06-26,32186.27734,38585385521
1455,2021-06-27,34649.64453,35511640894
1456,2021-06-28,34434.33594,33892523752
1457,2021-06-29,35867.77734,37901460044
1458,2021-06-30,35040.83594,34059036099
1459,2021-07-01,33572.11719,37838957079
1460,2021-07-02,33897.04688,38728974942
1461,2021-07-03,34668.54688,24383958643
1462,2021-07-04,35287.78125,24924307911
1463,2021-07-05,33746.00391,26721554282
1464,2021-07-06,34235.19531,26501259870
1465,2021-07-07,33855.32813,24796027477
1466,2021-07-08,32877.37109,29910396946
1467,2021-07-09,33798.01172,27436021028
1468,2021-07-10,33520.51953,22971873468
1469,2021-07-11,34240.1875,20108729370
1470,2021-07-12,33155.84766,24321499537
1471,2021-07-13,32702.02539,19120856669
1472,2021-07-14,32822.34766,21376531210
1473,2021-07-15,31780.73047,21300524237
1474,2021-07-16,31421.53906,23699476918
1475,2021-07-17,31533.06836,18895018942
1476,2021-07-18,31796.81055,18787986667
1477,2021-07-19,30817.83203,20434789545
1478,2021-07-20,29807.34766,23148267245
1479,2021-07-21,32110.69336,28203024559
1480,2021-07-22,32313.10547,19555230518
1481,2021-07-23,33581.55078,22552046192
1482,2021-07-24,34292.44531,21664706865
1483,2021-07-25,35350.1875,20856685287
1484,2021-07-26,37337.53516,51022126212
1485,2021-07-27,39406.94141,35097370560
1486,2021-07-28,39995.90625,38702404695
1487,2021-07-29,40008.42188,27167146027
1488,2021-07-30,42235.54688,33072782960
1489,2021-07-31,41626.19531,25802845343
1490,2021-08-01,39974.89453,26688438115
1491,2021-08-02,39201.94531,25595265436
1492,2021-08-03,38152.98047,26189830450
1493,2021-08-04,39747.50391,25372562724
1494,2021-08-05,40869.55469,35185031017
1495,2021-08-06,42816.5,38226483046
1496,2021-08-07,44555.80078,40030862141
1497,2021-08-08,43798.11719,36302664750
1498,2021-08-09,46365.40234,38734079049
1499,2021-08-10,45585.03125,33546019517
1500,2021-08-11,45593.63672,34319709073
1501,2021-08-12,44428.28906,33723620826
1502,2021-08-13,47793.32031,31744259539
1503,2021-08-14,47096.94531,31211354442
1504,2021-08-15,47047.00391,30988958446
1505,2021-08-16,46004.48438,32776876610
1506,2021-08-17,44695.35938,33451362600
1507,2021-08-18,44801.1875,32194123075
1508,2021-08-19,46717.57813,37204312299
1509,2021-08-20,49339.17578,34706867452
1510,2021-08-21,48905.49219,40585205312
1511,2021-08-22,49321.65234,25370975378
1512,2021-08-23,49546.14844,34305053719
1513,2021-08-24,47706.11719,35361168834
1514,2021-08-25,48960.78906,32646349931
1515,2021-08-26,46942.21875,32666549568
1516,2021-08-27,49058.66797,34511076995
1517,2021-08-28,48902.40234,28568103401
1518,2021-08-29,48829.83203,25889650240
1519,2021-08-30,47054.98438,31847007016
1520,2021-08-31,47166.6875,34730363427
1521,2021-09-01,48847.02734,39139399125
1522,2021-09-02,49327.72266,39508070319
1523,2021-09-03,50025.375,43206179619
1524,2021-09-04,49944.625,37471327794
1525,2021-09-05,51753.41016,30322676319
1526,2021-09-06,52633.53516,38884105426
1527,2021-09-07,46811.12891,65210059683
1528,2021-09-08,46091.39063,49007762488
1529,2021-09-09,46391.42188,38672657013
1530,2021-09-10,44883.91016,39154666597
1531,2021-09-11,45201.45703,34499835245
1532,2021-09-12,46063.26953,27881980161
1533,2021-09-13,44963.07422,40969943253
1534,2021-09-14,47092.49219,38652152880
1535,2021-09-15,48176.34766,30484496466
1536,2021-09-16,47783.35938,31764293754
1537,2021-09-17,47267.51953,28727713711
1538,2021-09-18,48278.36328,28575630451
1539,2021-09-19,47260.21875,26967722648
1540,2021-09-20,42843.80078,43909845642
1541,2021-09-21,40693.67578,48701090088
1542,2021-09-22,43574.50781,38139709246
1543,2021-09-23,44895.09766,34244064430
1544,2021-09-24,42839.75,42839345714
1545,2021-09-25,42716.59375,31604717236
1546,2021-09-26,43208.53906,30661222077
1547,2021-09-27,42235.73047,30980029059
1548,2021-09-28,41034.54297,30214940550
1549,2021-09-29,41564.36328,30602359905
1550,2021-09-30,43790.89453,31141681925
1551,2021-10-01,48116.94141,42850641582
1552,2021-10-02,47711.48828,30614346492
1553,2021-10-03,48199.95313,26638115879
1554,2021-10-04,49112.90234,33383173002
1555,2021-10-05,51514.8125,35873904236
1556,2021-10-06,55361.44922,49034730168
1557,2021-10-07,53805.98438,36807860413
1558,2021-10-08,53967.84766,34800873924
1559,2021-10-09,54968.22266,32491211414
1560,2021-10-10,54771.57813,39527792364
1561,2021-10-11,57484.78906,42637331698
1562,2021-10-12,56041.05859,41083758949
1563,2021-10-13,57401.09766,41684252783
1564,2021-10-14,57321.52344,36615791366
1565,2021-10-15,61593.94922,51780081801
1566,2021-10-16,60892.17969,34250964237
1567,2021-10-17,61553.61719,29032367511
1568,2021-10-18,62026.07813,38055562075
1569,2021-10-19,64261.99219,40471196346
1570,2021-10-20,65992.83594,40788955582
1571,2021-10-21,62210.17188,45908121370
1572,2021-10-22,60692.26563,38434082775
1573,2021-10-23,61393.61719,26882546034
1574,2021-10-24,60930.83594,27316183882
1575,2021-10-25,63039.82422,31064911614
1576,2021-10-26,60363.79297,34878965587
1577,2021-10-27,58482.38672,43657076893
1578,2021-10-28,60622.13672,45257083247
1579,2021-10-29,62227.96484,36856881767
1580,2021-10-30,61888.83203,32157938616
1581,2021-10-31,61318.95703,32241199927
1582,2021-11-01,61004.40625,36150572843
1583,2021-11-02,63226.40234,37746665647
1584,2021-11-03,62970.04688,36124731509
1585,2021-11-04,61452.23047,32615846901
1586,2021-11-05,61125.67578,30605102446
1587,2021-11-06,61527.48047,29094934221
1588,2021-11-07,63326.98828,24726754302
1589,2021-11-08,67566.82813,41125608330
1590,2021-11-09,66971.82813,42357991721
1591,2021-11-10,64995.23047,48730828378
1592,2021-11-11,64949.96094,35880633236
1593,2021-11-12,64155.94141,36084893887
1594,2021-11-13,64469.52734,30474228777
1595,2021-11-14,65466.83984,25122092191
1596,2021-11-15,63557.87109,30558763548
1597,2021-11-16,60161.24609,46844335592
1598,2021-11-17,60368.01172,39178392930
1599,2021-11-18,56942.13672,41388338699
1600,2021-11-19,58119.57813,38702407772
1601,2021-11-20,59697.19531,30624264863
1602,2021-11-21,58730.47656,26123447605
1603,2021-11-22,56289.28906,35036121783
1604,2021-11-23,57569.07422,37485803899
1605,2021-11-24,56280.42578,36635566789
1606,2021-11-25,57274.67969,34284016248
1607,2021-11-26,53569.76563,41810748221
1608,2021-11-27,54815.07813,30560857714
1609,2021-11-28,57248.45703,28116886357
1610,2021-11-29,57806.56641,32370840356
1611,2021-11-30,57005.42578,36708594618
1612,2021-12-01,57229.82813,36858195307
1613,2021-12-02,56477.81641,32379968686
1614,2021-12-03,53598.24609,39789134215
1615,2021-12-04,49200.70313,61385677469
1616,2021-12-05,49368.84766,37198201161
1617,2021-12-06,50582.625,37707308001
1618,2021-12-07,50700.08594,33676814852
1619,2021-12-08,50504.79688,28479699446
1620,2021-12-09,47672.12109,29603577251
1621,2021-12-10,47243.30469,30966005122
1622,2021-12-11,49362.50781,25775869261
1623,2021-12-12,50098.33594,21939223599
1624,2021-12-13,46737.48047,32166727776
1625,2021-12-14,46612.63281,34638619079
1626,2021-12-15,48896.72266,36541828520
1627,2021-12-16,47665.42578,27268150947
1628,2021-12-17,46202.14453,32902725329
1629,2021-12-18,46848.77734,26098292690
1630,2021-12-19,46707.01563,25154053861
1631,2021-12-20,46880.27734,30961902129
1632,2021-12-21,48936.61328,27055803928
1633,2021-12-22,48628.51172,24447979559
1634,2021-12-23,50784.53906,28223878108
1635,2021-12-24,50822.19531,24367912228
1636,2021-12-25,50429.85938,19030650914
1637,2021-12-26,50809.51563,20964372926
1638,2021-12-27,50640.41797,24324345758
1639,2021-12-28,47588.85547,33430376883
1640,2021-12-29,46444.71094,30049226299
1641,2021-12-30,47178.125,26686491018
1642,2021-12-31,46306.44531,36974172400
1643,2022-01-01,47686.8125,24582667004
1644,2022-01-02,47345.21875,27951569547
1645,2022-01-03,46458.11719,33071628362
1646,2022-01-04,45897.57422,42494677905
1647,2022-01-05,43569.00391,36851084859
1648,2022-01-06,43160.92969,30208048289
1649,2022-01-07,41557.90234,84196607520
1650,2022-01-08,41733.94141,28066355845
1651,2022-01-09,41911.60156,21294384372
1652,2022-01-10,41821.26172,32104232331
1653,2022-01-11,42735.85547,26327648900
1654,2022-01-12,43949.10156,33499938689
1655,2022-01-13,42591.57031,47691135082
1656,2022-01-14,43099.69922,23577403399
1657,2022-01-15,43177.39844,18371348298
1658,2022-01-16,43113.87891,17902097845
1659,2022-01-17,42250.55078,21690904261
1660,2022-01-18,42375.63281,22417209227
1661,2022-01-19,41744.32813,23091543258
1662,2022-01-20,40680.41797,20382033940
1663,2022-01-21,36457.31641,43011992031
1664,2022-01-22,35030.25,39714385405
1665,2022-01-23,36276.80469,26017975951
1666,2022-01-24,36654.32813,41856658597
1667,2022-01-25,36954.00391,26428189594
1668,2022-01-26,36852.12109,31324598034
1669,2022-01-27,37138.23438,25041426629
1670,2022-01-28,37784.33203,22238830523
1671,2022-01-29,38138.17969,17194183075
1672,2022-01-30,37917.60156,14643548444
1673,2022-01-31,38483.125,20734730465
1674,2022-02-01,38743.27344,20288500328
1675,2022-02-02,36952.98438,19155189416
1676,2022-02-03,37154.60156,18591534769
1677,2022-02-04,41500.875,29412210792
1678,2022-02-05,41441.16406,19652846215
1679,2022-02-06,42412.43359,16142097334
1680,2022-02-07,43840.28516,28641855926
1681,2022-02-08,44118.44531,33079398868
1682,2022-02-09,44338.79688,23245887300
1683,2022-02-10,43565.11328,32142048537
1684,2022-02-11,42407.9375,26954925781
1685,2022-02-12,42244.46875,18152390304
1686,2022-02-13,42197.51563,14741589015
1687,2022-02-14,42586.91797,20827783012
1688,2022-02-15,44575.20313,22721659051
1689,2022-02-16,43961.85938,19792547657
1690,2022-02-17,40538.01172,26246662813
1691,2022-02-18,40030.97656,23310007704
1692,2022-02-19,40122.15625,13736557863
1693,2022-02-20,38431.37891,18340576452
1694,2022-02-21,37075.28125,29280402798
1695,2022-02-22,38286.02734,25493150450
1696,2022-02-23,37296.57031,21849073843
1697,2022-02-24,38332.60938,46383802093
1698,2022-02-25,39214.21875,26545599159
1699,2022-02-26,39105.14844,17467554129
1700,2022-02-27,37709.78516,23450127612
1701,2022-02-28,43193.23438,35690014104
1702,2022-03-01,44354.63672,32479047645
1703,2022-03-02,43924.11719,29183112630
1704,2022-03-03,42451.78906,24967782593
1705,2022-03-04,39137.60547,28516271427
1706,2022-03-05,39400.58594,16975917450
1707,2022-03-06,38419.98438,19745229902
1708,2022-03-07,38062.03906,28546143503
1709,2022-03-08,38737.26953,25776583476
1710,2022-03-09,41982.92578,32284121034
1711,2022-03-10,39437.46094,31078064711
1712,2022-03-11,38794.97266,26364890465
1713,2022-03-12,38904.01172,14616450657
1714,2022-03-13,37849.66406,17300745310
1715,2022-03-14,39666.75391,24322159070
1716,2022-03-15,39338.78516,23934000868
1717,2022-03-16,41143.92969,39616916192
1718,2022-03-17,40951.37891,22009601093
1719,2022-03-18,41801.15625,34421564942
1720,2022-03-19,42190.65234,19664853187
1721,2022-03-20,41247.82422,20127946682
1722,2022-03-21,41077.99609,24615543271
1723,2022-03-22,42358.80859,32004652376
1724,2022-03-23,42892.95703,25242943069
1725,2022-03-24,43960.93359,31042992291
1726,2022-03-25,44348.73047,30574413034
1727,2022-03-26,44500.82813,16950455995
1728,2022-03-27,46820.49219,28160889722
1729,2022-03-28,47128.00391,36362175703
1730,2022-03-29,47465.73047,31397059069
1731,2022-03-30,47062.66406,29333883962
1732,2022-03-31,45538.67578,33327427106
1733,2022-04-01,46281.64453,38162644287
1734,2022-04-02,45868.94922,29336594194
1735,2022-04-03,46453.56641,25414397610
1736,2022-04-04,46622.67578,32499785455
1737,2022-04-05,45555.99219,29640604055
1738,2022-04-06,43206.73828,39393395788
1739,2022-04-07,43503.84766,26101973106
1740,2022-04-08,42287.66406,27215995394
1741,2022-04-09,42782.13672,16050772496
1742,2022-04-10,42207.67188,17654475582
1743,2022-04-11,39521.90234,33949912166
1744,2022-04-12,40127.18359,30991500854
1745,2022-04-13,41166.73047,27691105228
1746,2022-04-14,39935.51563,24342001973
1747,2022-04-15,40553.46484,21756855753
1748,2022-04-16,40424.48438,16833150693
1749,2022-04-17,39716.95313,19087633042
1750,2022-04-18,40826.21484,33705182072
1751,2022-04-19,41502.75,25303206547
1752,2022-04-20,41374.37891,27819532341
1753,2022-04-21,40527.36328,35372786395
1754,2022-04-22,39740.32031,28011716745
1755,2022-04-23,39486.73047,16138021249
1756,2022-04-24,39469.29297,17964398167
1757,2022-04-25,40458.30859,35445730570
1758,2022-04-26,38117.46094,34569088416
1759,2022-04-27,39241.12109,30981015184
1760,2022-04-28,39773.82813,33903704907
1761,2022-04-29,38609.82422,30882994649
1762,2022-04-30,37714.875,23895713731
1763,2022-05-01,38469.09375,27002760110
1764,2022-05-02,38529.32813,32922642426
1765,2022-05-03,37750.45313,27326943244
1766,2022-05-04,39698.37109,36754404490
1767,2022-05-05,36575.14063,43106256317
1768,2022-05-06,36040.92188,37795577489
1769,2022-05-07,35501.95313,24375896406
1770,2022-05-08,34059.26563,36763041910
1771,2022-05-09,30296.95313,63355494961
1772,2022-05-10,31022.90625,59811038817
1773,2022-05-11,28936.35547,70388855818
1774,2022-05-12,29047.75195,66989173272
1775,2022-05-13,29283.10352,42841124537
1776,2022-05-14,30101.26563,28579868620
1777,2022-05-15,31305.11328,25835372065
1778,2022-05-16,29862.91797,32613897286
1779,2022-05-17,30425.85742,29101473475
1780,2022-05-18,28720.27148,31285268319
1781,2022-05-19,30314.33398,33773447707
1782,2022-05-20,29200.74023,30749382605
1783,2022-05-21,29432.22656,17274840442
1784,2022-05-22,30323.72266,21631532270
1785,2022-05-23,29098.91016,31483454557
1786,2022-05-24,29655.58594,26616506245
1787,2022-05-25,29562.36133,27525063551
1788,2022-05-26,29267.22461,36774325352
1789,2022-05-27,28627.57422,36582005748
1790,2022-05-28,28814.90039,35519577634
1791,2022-05-29,29445.95703,18093886409
1792,2022-05-30,31726.39063,39277993274
1793,2022-05-31,31792.31055,33538210634
1794,2022-06-01,29799.08008,41135817341
1795,2022-06-02,30467.48828,29083562061
1796,2022-06-03,29704.39063,26175547452
1797,2022-06-04,29832.91406,16588370958
1798,2022-06-05,29906.66211,17264085441
1799,2022-06-06,31370.67188,31947336829
1800,2022-06-07,31155.47852,40770974039
1801,2022-06-08,30214.35547,30242059107
1802,2022-06-09,30111.99805,21692004719
1803,2022-06-10,29083.80469,29867476527
1804,2022-06-11,28360.81055,27246574439
1805,2022-06-12,26762.64844,34163220274
1806,2022-06-13,22487.38867,68204556440
1807,2022-06-14,22206.79297,50913575242
1808,2022-06-15,22572.83984,54912007015
1809,2022-06-16,20381.65039,31183975654
1810,2022-06-17,20471.48242,27132421514
1811,2022-06-18,19017.64258,42009436760
1812,2022-06-19,20553.27148,35329942625
1813,2022-06-20,20599.53711,30818458597
1814,2022-06-21,20710.59766,28970212744
1815,2022-06-22,19987.0293,28574793478
1816,2022-06-23,21085.87695,26188097173
1817,2022-06-24,21231.65625,24957784918
1818,2022-06-25,21502.33789,18372538715
1819,2022-06-26,21027.29492,18027170497
1820,2022-06-27,20735.47852,20965695707
1821,2022-06-28,20280.63477,21381535161
1822,2022-06-29,20104.02344,23552740328
1823,2022-06-30,19784.72656,26267239923
1824,2022-07-01,19269.36719,30767551159
1825,2022-07-02,19256.42383,18794137600
1826,2022-06-01,29799.08008,41135817341
1827,2022-06-02,30467.48828,29083562061
1828,2022-06-03,29704.39063,26175547452
1829,2022-06-04,29832.91406,16588370958
1830,2022-06-05,29906.66211,17264085441
1831,2022-06-06,31370.67188,31947336829
1832,2022-06-07,31155.47852,40770974039
1833,2022-06-08,30214.35547,30242059107
1834,2022-06-09,30111.99805,21692004719
1835,2022-06-10,29083.80469,29867476527
1836,2022-06-11,28360.81055,27246574439
1837,2022-06-12,26762.64844,34163220274
1838,2022-06-13,22487.38867,68204556440
1839,2022-06-14,22206.79297,50913575242
1840,2022-06-15,22572.83984,54912007015
1841,2022-06-16,20381.65039,31183975654
1842,2022-06-17,20471.48242,27132421514
1843,2022-06-18,19017.64258,42009436760
1844,2022-06-19,20553.27148,35329942625
1845,2022-06-20,20599.53711,30818458597
1846,2022-06-21,20710.59766,28970212744
1847,2022-06-22,19987.0293,28574793478
1848,2022-06-23,21085.87695,26188097173
1849,2022-06-24,21231.65625,24957784918
1850,2022-06-25,21502.33789,18372538715
1851,2022-06-26,21027.29492,18027170497
1852,2022-06-27,20735.47852,20965695707
1853,2022-06-28,20280.63477,21381535161
1854,2022-06-29,20104.02344,23552740328
1855,2022-06-30,19784.72656,26267239923
1856,2022-07-01,19269.36719,30767551159
1857,2022-07-02,19242.25586,18100418740
1858,2022-07-03,19297.07617,16390821947
1859,2022-07-04,20231.26172,21594638208
1860,2022-07-05,20190.11523,26715546990
1861,2022-07-06,20548.24609,24598943708
1862,2022-07-07,21637.58789,25814972520
1863,2022-07-08,21731.11719,49899834488
1864,2022-07-09,21592.20703,29641127858
1865,2022-07-10,21316.08984,31342917632
1866,2022-07-11,19970.55664,24150249025
1867,2022-07-12,19323.91406,25810220018
1868,2022-07-13,20212.07422,33042430345
1869,2022-07-14,20569.91992,31158743333
1870,2022-07-15,20836.32813,25905575359
1871,2022-07-16,21190.31641,24302954056
1872,2022-07-17,21174.23828,30092652544
